[
    {
        "ID": "01",
        "name": "Dashboard",
        "url": "/home/clients/client-dashboard",
        "icon": "dashboard"
    },
    {
        "ID": "02",
        "name": "Surveys",
        "url": "",
        "icon": "assignment_turned_in",
        "subMenu": [
            {
                "ID": "001",
                "name": "Survey List",
                "url": "/home/survey/client-survey-list",
                "icon": "list"
            },
            {
                "ID": "003",
                "name": "Email",
                "url": "home/survey/email",
                "icon": "email"
            }
        ]
    },
    {
        "ID": "03",
        "name": "Users",
        "url": "/home/user/user-list",
        "icon": "people"
    },
    {
        "ID": "04",
        "name": "OrgCoding",
        "url": "/home/overall/overall",
        "icon": "people"
    },
    {
        "ID": "05",
        "name": "Survey Templates",
        "url": "home/survey/survey-template",
        "icon": "event_note"
    },
    {
        "ID": "06",
        "name": "Settings",
        "url": "home/clients/settings",
        "icon": "settings"
    }
]