[
    {
        "ID": "02",
        "name": "Clients",
        "url": "/home/clients",
        "icon": "group"
    },
    {
        "ID": "02",
        "name": "Surveys",
        "url": "/home/survey/survey-list",
        "icon": "assignment_turned_in"
    },
    {
        "ID": "03",
        "name": "Admin",
        "url": "",
        "icon": "account_box",
        "subMenu": [
            {
                "ID": "001",
                "name": "Users",
                "url": "/home/user",
                "icon": "people"
            },
            {
                "ID": "001",
                "name": "Error Log",
                "url": "/home/error-log",
                "icon": "people"
            },
            {
                "ID": "001",
                "name": "Activity Log",
                "url": "/home/activity-log",
                "icon": "people"
            }
        ]
    },
    {
        "ID": "04",
        "name": "Tranning/Tutorials",
        "url": "/home/data",
        "icon": "assignment"
    },
    {
        "ID": "05",
        "name": "Global Settings",
        "url": "/home/global-settings",
        "icon": "settings"
    }
]