[
    {
        "reportTo": "OVERALL",
        "nodeId": 1,
        "openPosition": "No",
        "firstName": "FOREST",
        "lastName": "NICHOLSON",
        "email": "Demo@Orgvitality.Com",
        "division": "Crop",
        "brand": "Brand - 8",
        "locationName": "Head Quarter - North America",
        "jobTitle": "Senior Director",
        "reportingLanguage": "English",
        "OrgMapperStatus": "Not Started (Red)",
        "reminderFlag": "No"
    },
    {
        "reportTo": "NICHOLSON, FOREST",
        "nodeId": 2,
        "openPosition": "No",
        "firstName": "DEONNA",
        "lastName": "CAREY",
        "email": "Demo@Orgvitality.Com",
        "division": "Crop",
        "brand": "Brand - 8",
        "locationName": "Head Quarter - Corporate",
        "jobTitle": "Executive Vice President",
        "reportingLanguage": "English",
        "OrgMapperStatus": "Done (Green)",
        "reminderFlag": "No"
    },
    {
        "reportTo": "NICHOLSON, FOREST",
        "nodeId": 3,
        "openPosition": "No",
        "firstName": "GENESIS",
        "lastName": "Gibbs",
        "email": "Demo@Orgvitality.Com",
        "division": "Crop",
        "brand": "Brand - 8",
        "locationName": "Head Quarter - Corporate",
        "jobTitle": "Executive Vice President",
        "reportingLanguage": "English",
        "OrgMapperStatus": "Done (Green)",
        "reminderFlag": "No"
    },
    {
        "reportTo": "NICHOLSON, FOREST",
        "nodeId": 4,
        "openPosition": "No",
        "firstName": "Emely",
        "lastName": "Hogan",
        "email": "Demo@Orgvitality.Com",
        "division": "Crop",
        "brand": "Brand - 8",
        "locationName": "Head Quarter - Corporate",
        "jobTitle": "Executive Vice President",
        "reportingLanguage": "Japanese",
        "OrgMapperStatus": "In Progress (Yellow)",
        "reminderFlag": "Yes"
    },
    {
        "reportTo": "OVERALL",
        "nodeId": 5,
        "openPosition": "No",
        "firstName": "BRADY",
        "lastName": "HOLMES",
        "email": "Demo@Orgvitality.Com",
        "division": "Crop",
        "brand": "Brand - 8",
        "locationName": "Head Quarter - Corporate",
        "jobTitle": "Senior Vice President",
        "reportingLanguage": "English",
        "OrgMapperStatus": "Done (Green)",
        "reminderFlag": "No"
    },
    {
        "reportTo": "HOLMES, BRADY",
        "nodeId": 6,
        "openPosition": "No",
        "firstName": "Tandy",
        "lastName": "Novak",
        "email": "Demo@Orgvitality.Com",
        "division": "Crop",
        "brand": "Brand - 8",
        "locationName": "Head Quarter - Corporate",
        "jobTitle": "Senior Vice President",
        "reportingLanguage": "English",
        "OrgMapperStatus": "Done (Green)",
        "reminderFlag": "No"
    },
    {
        "reportTo": "NOVAK, TANDY",
        "nodeId": 7,
        "openPosition": "No",
        "firstName": "KAYLA",
        "lastName": "HALE",
        "email": "Demo@Orgvitality.Com",
        "division": "Crop",
        "brand": "Brand - 8",
        "locationName": "Head Quarter - Corporate",
        "jobTitle": "Senior Vice President",
        "reportingLanguage": "English",
        "OrgMapperStatus": "Done (Green)",
        "reminderFlag": "No"
    },
    {
        "reportTo": "NOVAK, TANDY",
        "nodeId": 8,
        "openPosition": "No",
        "firstName": "Maggie",
        "lastName": "Wolfe",
        "email": "Demo@Orgvitality.Com",
        "division": "Crop",
        "brand": "Brand - 8",
        "locationName": "Head Quarter - Corporate",
        "jobTitle": "Senior Vice President",
        "reportingLanguage": "English",
        "OrgMapperStatus": "Done (Green)",
        "reminderFlag": "No"
    },
    {
        "reportTo": "HOLMES, BRADY",
        "nodeId": 9,
        "openPosition": "No",
        "firstName": "Landon",
        "lastName": "Hendricks",
        "email": "Demo@Orgvitality.Com",
        "division": "Crop",
        "brand": "Brand - 8",
        "locationName": "Head Quarter - Corporate",
        "jobTitle": "Senior Vice President",
        "reportingLanguage": "English",
        "OrgMapperStatus": "Done (Green)",
        "reminderFlag": "No"
    },
    {
        "reportTo": "HOLMES, BRADY",
        "nodeId": 10,
        "openPosition": "No",
        "firstName": "DEBRA",
        "lastName": "ADAMS",
        "email": "Demo@Orgvitality.Com",
        "division": "Crop",
        "brand": "Brand - 8",
        "locationName": "Head Quarter - Corporate",
        "jobTitle": "Senior Vice President",
        "reportingLanguage": "English",
        "OrgMapperStatus": "Done (Green)",
        "reminderFlag": "No"
    },
    {
        "reportTo": "HOLMES, BRADY",
        "nodeId": 11,
        "openPosition": "No",
        "firstName": "Gregory",
        "lastName": "Green",
        "email": "Demo@Orgvitality.Com",
        "division": "Crop",
        "brand": "Brand - 8",
        "locationName": "Head Quarter - Corporate",
        "jobTitle": "Senior Vice President",
        "reportingLanguage": "English",
        "OrgMapperStatus": "Done (Green)",
        "reminderFlag": "No"
    }
]